item_id;waist;size;quality;cup size;hips;bra size;category;height;user_name;length;fit;user_id
152702;25;4;3;c;35;32;new;5ft 1in;Juli;slightly long;fit;52664
152702;25;4;5;c;32;32;new;5ft 6in;lhalton;just right;fit;155439
154411;34;20;5;ddd/f;41;36;new;5ft 6in;Cosette;just right;fit;600401
154411;31;12;5;a;42;36;new;5ft 11in;KirstinMM;slightly short;fit;674453
154411;31;12;4;d;41;38;new;5ft 5in;andyk29;just right;fit;564080
155256;31;8;4;d;41;32;new;5ft 6in;Shannon;;fit;122732
155256;29;8;5;dd/e;40;34;new;5ft 3in;jacklynkay1;just right;fit;335459
155256;29;4;4;c;38;34;new;5ft 3in;hlamb42;just right;fit;338899
155256;31;12;5;ddd/f;39;34;new;5ft 7in;Mel0;just right;fit;721843
155256;32;12;5;c;40;34;new;5ft 4in;Ashley;just right;fit;672971
155256;30;8;5;a;40;36;new;5ft 10in;lheisick;just right;fit;295074
155530;34;12;4;d;44;34;wedding;5ft 1in;Emily;just right;fit;686195
155530;29;12;4;dd/e;39;36;wedding;5ft 7in;nicolepaige095;just right;fit;526533
155530;38;26;5;dd/e;48;;wedding;5ft 5in;Jackie;just right;fit;155324
155981;29;8;4;b;;36;new;5ft 7in;yorksingerm;just right;fit;640650
155981;29;8;4;b;38;34;new;5ft 8in;mary;slightly long;fit;968866
155981;36;15;4;c;44;36;new;5ft 6in;Picklesmarliz;slightly long;fit;254191
155981;28;8;5;b;40;36;new;5ft 5in;heloteschick;slightly long;fit;461082
156364;33;12;4;c;40;38;new;5ft 3in;Kathleen;slightly short;fit;74438
157334;35;15;5;dd/e;45;36;new;5ft 4in;amanda;just right;fit;731348
157334;32;12;4;c;41;36;new;5ft 8in;Jessica;just right;fit;171447
159891;26;1;5;a;38;32;dresses;5ft 4in;Isabella;just right;fit;240386
159891;31;8;3;d;41;36;dresses;5ft 2in;mercersg;just right;fit;439693
160625;28;7;5;b;32;34;dresses;5ft 5in;senc213;just right;fit;715720
160625;33;13;4;dd/e;;38;dresses;5ft 3in;dlshops;just right;fit;682731
160625;45;27;5;;48;44;dresses;5ft 7in;J2DaA;just right;fit;462814
160625;34;15;5;dd/e;42;36;dresses;5ft 4in;red_effy;slightly long;fit;221733
161320;30;12;4;d;;36;dresses;5ft 5in;Katdragan;just right;fit;245614
161320;26;4;4;c;35;32;dresses;5ft 2in;Michelle;slightly long;fit;98585
161320;35;15;5;c;42;38;dresses;5ft 4in;Tracy;just right;fit;418351
161320;36;15;4;d;40;38;dresses;5ft 11in;BethAnn;just right;fit;584721
161320;31;12;3;dd/e;44;36;dresses;5ft 7in;aw.chopper;just right;fit;824639
161514;28;4;5;b;39;34;dresses;5ft 5in;Regina;just right;fit;438485
161514;31;12;4;d;32;36;dresses;5ft 4in;KaseyM;just right;fit;527492
161514;39;12;5;dd/e;45;36;dresses;5ft 2in;Richelle;just right;fit;984733
161514;26;4;5;b;37;34;dresses;5ft 5in;Jane1848;just right;fit;744124
161592;34;13;4;ddd/f;;36;dresses;5ft 5in;melissa;just right;fit;505850
161592;29;11;5;c;38;36;dresses;5ft 2in;mcm62992;just right;fit;258039
161592;35;18;4;dd/e;38;40;dresses;5ft;Zuley;just right;fit;625185
161592;28;7;5;d;36;36;dresses;5ft 1in;kathleenmbest;just right;fit;999674
161592;30;9;4;c;38;36;dresses;5ft 7in;jsmancuso2;just right;fit;440986
161592;35;13;5;b;41;36;dresses;5ft 1in;Ejiro;just right;fit;377908
161592;34;18;5;c;41;32;dresses;5ft 5in;Ginger14;just right;fit;992121
161592;31;11;4;c;;36;dresses;5ft 8in;Eden;just right;fit;798506
161592;25;5;4;b;30;32;dresses;5ft 3in;chester;just right;fit;680836
162470;26;12;4;dd/e;36;34;dresses;5ft 3in;Melissa;just right;fit;673872
162470;32;12;3;c;41;36;dresses;5ft 8in;Jessica;just right;fit;171447
162470;28;4;5;c;41;28;dresses;5ft 7in;Jamie;just right;fit;250444
162470;33;12;4;d;43;36;dresses;5ft 6in;okayjocelyn;slightly short;fit;188398
162470;25;4;4;b;;32;dresses;5ft 8in;ekofmehl;slightly short;fit;576257
162937;36;15;5;c;44;38;sale;5ft 11in;Maritza;slightly short;fit;908380
162937;34;15;5;dddd/g;43;32;sale;5ft 5in;sararin2go;just right;fit;430013
163558;35;20;5;dd/e;47;38;dresses;5ft 7in;Becca;just right;fit;463955
163558;30;15;4;dd/e;42;34;dresses;5ft;emily_roamswild;just right;fit;773077
163558;30;15;4;dd/e;42;34;dresses;5ft;emily_roamswild;just right;fit;773077
163558;34;15;4;d;44;40;dresses;5ft 1in;kelout;just right;fit;647937
163558;33;12;5;c;38;36;dresses;5ft 7in;elainerenee.hall;just right;fit;556520
163558;30;12;5;dd/e;34;36;dresses;5ft 6in;Courtney;just right;fit;490576
163603;32;8;5;d;40;38;dresses;5ft 6in;Makenna;just right;fit;21310
163603;28;8;4;b;35;34;dresses;5ft 5in;cherie.priest;just right;fit;764739
163661;28;8;3;ddd/f;37;32;dresses;5ft 4in;victoria;slightly long;fit;833616
163661;24;4;4;c;32;32;dresses;5ft 2in;chloeherbold;slightly long;fit;195279
163661;27;4;5;d;46;34;dresses;5ft 8in;Ashlee;just right;fit;297077
163758;27;8;2;c;;36;dresses;5ft 5in;Lv00;just right;fit;819391
163758;33;12;4;d;45;34;dresses;5ft 7in;Julie;just right;fit;506476
163758;32;15;5;dd/e;39;38;dresses;5ft 5in;evilpinkpill;just right;fit;500980
163758;35;20;4;ddd/f;47;38;dresses;5ft 10in;mere_ubu;slightly short;fit;17223
164659;28;13;5;a;31;36;dresses;5ft 6in;koko;just right;fit;78124
165525;45;32;5;dddd/g;55;44;dresses;5ft 5in;Kathryn;just right;fit;128243
165525;27;4;3;b;36;34;dresses;5ft 2in;anila.madiraju;just right;fit;951012
165525;28;4;2;d;36;32;dresses;5ft 4in;Farrah;just right;fit;666461
165525;26;4;2;aa;;32;dresses;5ft 3in;Rachel;just right;fit;376849
165525;37;32;3;ddd/f;37;40;dresses;5ft 8in;bookyeti;just right;fit;188207
165525;26;4;3;;;32;dresses;5ft 2in;Lyuba;just right;fit;753274
165525;29;4;3;dd/e;39;32;dresses;5ft 4in;Mona;slightly long;fit;159345
165716;43;27;5;b;48;42;dresses;5ft 2in;Susan;just right;fit;546739
167315;29;8;5;b;40;34;dresses;5ft 6in;nicperk;just right;fit;472775
167400;32;15;5;ddd/f;42;36;dresses;5ft 5in;alicia;just right;fit;417832
168387;35;15;4;dd/e;45;36;dresses;5ft 4in;amanda;just right;fit;731348
168387;33;15;4;aa;44;36;dresses;5ft 7in;Jenn;just right;fit;339228
168816;32;15;5;dd/e;45;34;dresses;5ft 6in;Natalia;just right;fit;785667
169727;28;4;3;b;36;34;dresses;5ft 4in;bright.speed;just right;fit;631062
169727;29;8;3;b;41;36;dresses;5ft 9in;Rachelle;just right;fit;495968
169727;32;12;5;dd/e;39;36;dresses;5ft 4in;st_rgregory;just right;fit;181620
169727;25;12;5;b;36;34;dresses;5ft 4in;Samantha;slightly long;fit;315080
169727;28;4;3;aa;37;34;dresses;5ft 3in;zscl2;slightly long;fit;665186
169727;27;4;4;b;;32;dresses;5ft 6in;Rebecca;just right;fit;56850
169727;25;4;1;b;35;32;dresses;5ft 1in;Kieu;just right;fit;322992
169727;25;4;4;d;36;30;dresses;5ft 4in;Jessica;just right;fit;184527
169727;26;4;5;;;;dresses;5ft 9in;Kat;just right;fit;497566
169727;26;4;4;;33;32;dresses;5ft 4in;andreasmith;just right;fit;456155
169727;27;8;3;b;40;36;dresses;5ft 8in;Melissa;slightly short;fit;701414
169727;26;8;4;b;;34;dresses;5ft 7in;Martha;just right;fit;929749
169727;28;8;4;b;35;32;dresses;;Suzanne;just right;fit;151872
169727;29;8;5;b;37;34;dresses;5ft 8in;gottalovelife;just right;fit;841425
169727;33;8;3;c;40;34;dresses;5ft 5in;laselzle;just right;fit;921790
169727;26;4;2;;37;34;dresses;5ft 5in;susan.516;just right;fit;724351
169727;26;12;3;c;40;34;dresses;5ft 9in;anna;just right;fit;225809
170806;40;26;3;ddd/f;52;40;dresses;5ft 5in;melarossa;just right;fit;652304
171125;30;8;2;b;40;34;dresses;5ft 10in;lethereal_pages;slightly short;fit;51944
171125;30;12;5;dd/e;34;36;dresses;5ft 6in;Courtney;just right;fit;490576
171579;29;8;4;b;34;34;dresses;4ft 11in;Emily;just right;fit;795216
171579;34;12;4;d;44;34;dresses;5ft;Emily;just right;fit;828916
175156;44;24;5;c;;42;dresses;5ft 6in;RACHEL;just right;fit;453174
175771;31;12;5;d;;36;dresses;5ft;sarah917;just right;fit;375648
175771;44;20;3;dd/e;49;42;dresses;5ft 3in;Sue0;just right;fit;350490
175771;30;12;4;b;40;38;dresses;5ft 6in;Lauren;slightly short;fit;319081
175771;42;26;5;b;49;46;dresses;5ft 9in;Sgirlj;slightly short;fit;702372
177986;31;15;5;dd/e;41;38;dresses;5ft 5in;andyk29;just right;fit;511471
179339;35;12;4;c;37;38;dresses;5ft;Esther;slightly short;fit;466508
179869;27;4;5;d;36;32;dresses;5ft 6in;Rebka;just right;fit;398088
180912;36;15;5;d;43;36;dresses;5ft 4in;victoriazelvin;just right;fit;385139
184686;27;7;5;b;;34;dresses;5ft 2in;sunlyte13;slightly long;fit;835756
186367;30;12;5;d;36;38;dresses;5ft 6in;Amanda;slightly short;fit;417222
186778;28;8;3;b;38;36;dresses;5ft 8in;linsey_parks;just right;fit;356490
188495;40;26;3;ddd/f;50;38;dresses;5ft 8in;Michelle;just right;fit;714563
189315;32;12;5;c;42;38;dresses;5ft 2in;Maritza;very long;fit;652262
190289;28;4;1;b;;34;dresses;5ft 6in;Seongbran;slightly short;fit;490303
190637;26;1;5;a;;34;dresses;5ft 4in;dream..eater14zwr;slightly long;fit;528379
191940;26;5;5;b;;34;dresses;5ft 5in;Kally;just right;fit;302268
192939;46;38;5;ddd/f;52;44;dresses;5ft 5in;Jennie Mae;just right;fit;215778
194921;31;8;5;c;42;36;dresses;5ft 6in;Tasha;slightly short;fit;487678
195782;28;8;5;d;;36;dresses;5ft 3in;Kate;slightly long;fit;137859
195782;42;26;5;d;55;38;dresses;6ft;aimee;slightly long;fit;336254
196155;29;8;5;d;;34;dresses;5ft 4in;Nicole;just right;fit;716744
196155;47;32;5;ddd/f;;44;dresses;5ft 5in;Jennie Mae;just right;fit;299946
196155;28;4;5;d;38;32;dresses;5ft 7in;Angie;just right;fit;196951
196801;28;4;4;b;40;34;dresses;5ft 7in;mariahemilyanne;slightly long;fit;192055
200242;34;15;4;c;;36;dresses;5ft 6in;Lance;just right;fit;471831
200824;40;20;4;dd/e;44;38;dresses;5ft 4in;Ali0;just right;fit;84136
201366;29;8;5;b;34;34;dresses;4ft 11in;Emily;just right;fit;795216
203919;30;12;4;dd/e;40;36;dresses;5ft 6in;ashkward;just right;fit;223148
208000;28;7;5;b;39;34;dresses;5ft 7in;dgaumiller;just right;fit;661546
209358;38;12;5;dd/e;48;38;sale;5ft 1in;PinkiePie;just right;fit;688266
210299;27;4;5;dd/e;36;34;dresses;5ft 1in;Sarah;just right;fit;965477
210299;46;20;5;d;;40;dresses;5ft 7in;blu3idb3auty;just right;fit;88177
210905;33;15;4;d;44;36;dresses;5ft 4in;sooshmoo;just right;fit;791632
210905;38;26;5;h;48;38;dresses;5ft 4in;olivers08;just right;fit;149266
211670;28;12;4;ddd/f;36;34;sale;5ft 2in;lynken79;just right;fit;417878
211720;27;8;5;b;37;34;dresses;5ft 4in;johnson.summer91;just right;fit;232202
213663;36;15;5;d;42;36;dresses;6ft;amovita;just right;fit;215455
213663;26;1;3;c;37;32;dresses;5ft 3in;ladydmacbeth;very long;fit;344338
213663;30;12;5;c;40;36;dresses;5ft 7in;Cassandra;very long;fit;810128
216025;30;12;5;d;;36;dresses;5ft 1in;Hermine Hesse;just right;fit;310632
216517;27;4;5;ddd/f;34;32;dresses;5ft 5in;Alison;slightly long;fit;622039
216517;32;8;5;b;41;36;dresses;5ft 5in;Carly;just right;fit;880628
216517;37;15;5;d;47;36;dresses;5ft 3in;Bonnie;just right;fit;192911
216517;31;12;5;dd/e;42;34;dresses;5ft 7in;Leslie;just right;fit;647886
216517;30;8;5;d;;34;dresses;5ft 7in;memoriesmaze;slightly long;fit;675033
217181;29;8;3;b;40;34;sale;5ft 4in;modcloth;slightly long;fit;732261
217181;28;4;5;;38;36;sale;5ft 5in;Gumbie;just right;fit;252038
218927;31;8;5;c;42;36;sale;5ft 6in;Tasha;just right;fit;487678
218927;27;8;1;;;;sale;5ft 8in;Deee;just right;fit;164325
219259;31;11;5;h;37;34;dresses;5ft 5in;Dana;just right;fit;308903
219432;43;26;4;dd/e;51;42;sale;5ft 7in;kandisferdinand;just right;fit;20580
219733;28;8;4;dd/e;;34;sale;5ft 4in;Anya;just right;fit;775761
219785;32;12;5;b;41;36;dresses;5ft 6in;shirkie;just right;fit;720713
219785;40;15;5;b;45;38;dresses;5ft 4in;HelenaLenNora916;slightly long;fit;693210
219785;28;8;5;d;36;32;dresses;5ft 8in;kaciiebird;slightly long;fit;536772
219785;26;4;5;b;36;34;dresses;5ft 2in;ray.bayli;just right;fit;216230
219785;30;12;5;d;39;36;dresses;5ft 2in;Phuong;just right;fit;921131
220260;31;12;5;dd/e;37;34;dresses;5ft 2in;Jill;just right;fit;339078
221693;44;30;5;d;;44;dresses;5ft 6in;Jai220;just right;fit;605882
222123;30;12;4;dd/e;40;36;dresses;5ft 6in;ashkward;just right;fit;223148
222123;38;12;5;dd/e;40;36;dresses;5ft 4in;Madison;just right;fit;404630
222123;29;8;5;d;38;34;dresses;5ft 6in;Emily;just right;fit;991571
222123;20;20;4;c;46;38;dresses;5ft 4in;karenlevy23;just right;fit;773495
222123;44;26;5;ddd/f;48;42;dresses;6ft;ladydee;just right;fit;604220
222123;36;20;5;c;45;42;dresses;5ft 6in;lapittrice13;slightly long;fit;48548
222923;24;4;3;dd/e;35;32;dresses;5ft 7in;uders256;just right;fit;246638
224493;33;12;1;dd/e;41;36;sale;5ft 6in;erin.skovmand;just right;fit;590673
226241;30;8;5;b;40;36;dresses;5ft 5in;Carly;just right;fit;214353
226241;37;15;5;d;;38;dresses;5ft 6in;loveandpolitics;just right;fit;789307
226241;27;4;5;dd/e;39;32;dresses;5ft 8in;Jacqueline;slightly long;fit;788427
227409;28;8;5;ddd/f;36;34;dresses;5ft 2in;lynken79;slightly long;fit;417878
227829;28;7;5;dd/e;39;34;sale;5ft 7in;lrh2810;just right;fit;566927
229341;28;8;5;b;40;32;dresses;5ft 6in;Jl1188;just right;fit;176794
230944;24;8;5;aa;;32;sale;5ft 3in;nowupisdown;just right;fit;99618
231748;28;4;5;dd/e;;32;dresses;5ft 9in;GypsySoul;slightly short;fit;927316
231748;34;15;4;b;43;36;dresses;5ft 5in;kellogg.rachel;just right;fit;170204
232599;25;4;5;b;32;32;dresses;5ft 7in;astridalvsaker;just right;fit;186261
232599;33;15;5;d;44;32;dresses;5ft 4in;Sheryl;just right;fit;802408
233067;32;12;4;d;39;36;dresses;5ft 7in;jcphunter;just right;fit;716260
234818;29;8;4;b;;36;dresses;5ft 5in;ramejia12;slightly short;fit;391151
235690;26;4;5;a;;34;sale;5ft 4in;dream..eater14zwr;just right;fit;528379
236215;34;15;4;h;43;34;dresses;5ft 8in;Ari5;just right;fit;165981
236215;40;20;4;c;50;42;dresses;5ft 8in;aleague;just right;fit;670440
239505;33;12;1;c;;36;sale;5ft 8in;LBC1;slightly short;fit;628318
240463;32;15;4;d;;38;dresses;5ft 7in;timmerman.jen;just right;fit;39004
241479;39;26;5;d;49;38;dresses;5ft 6in;Keira;just right;fit;57852
241479;32;15;4;d;;38;dresses;5ft 7in;timmerman.jen;just right;fit;39004
242166;33;15;5;dd/e;;36;dresses;5ft 9in;brookextt;just right;fit;96832
242166;26;4;4;b;;34;dresses;5ft 1in;oliver.jeannie;just right;fit;997384
242166;24;4;4;d;;32;dresses;5ft 6in;isabella.garrioch;just right;fit;734030
242166;33;12;4;d;43;36;dresses;5ft 8in;ModCloth Austin Stylist;just right;fit;143380
242594;27;4;5;b;37;34;sale;5ft 5in;mackmedlin;just right;fit;173334
243416;34;15;5;d;43;36;sale;5ft 1in;Michelle;just right;fit;251165
245155;42;26;4;ddd/f;52;44;dresses;5ft 8in;Jenni;just right;fit;993609
245920;42;20;4;d;45;38;dresses;5ft 7in;shalune;just right;fit;887120
246486;29;8;4;b;40;36;dresses;5ft 7in;Bine;just right;fit;202134
246671;26;1;3;a;;34;dresses;5ft 4in;dream..eater14zwr;just right;fit;528379
246671;24;1;4;c;34;32;dresses;5ft 5in;Robin;just right;fit;530393
247826;28;8;2;b;;34;sale;5ft 5in;Sammy;just right;fit;903368
249457;28;8;4;dd/e;;;dresses;5ft 5in;jess.r.obrien;slightly long;fit;24513
249457;27;8;3;c;;36;dresses;5ft 5in;Lv00;slightly long;fit;819391
249457;25;1;4;c;35;32;dresses;;cjg80;slightly long;fit;150554
249815;26;8;4;c;36;32;dresses;5ft 7in;Ryoko;just right;fit;725666
250457;26;4;5;b;36;34;dresses;5ft 1in;Meg85;just right;fit;898558
250941;39;32;5;d;43;38;dresses;5ft 3in;adriana.slyh;just right;fit;412768
251144;25;1;4;;36;;sale;5ft 5in;Laura;just right;fit;874494
254924;33;20;4;d;;40;sale;5ft 10in;Kelly;just right;fit;523457
255393;29;4;5;b;34;34;dresses;4ft 11in;Emily;slightly long;fit;795216
255393;34;12;5;d;;36;dresses;5ft 7in;stephanie;just right;fit;979308
257366;27;8;4;c;37;34;dresses;5ft 7in;erin.e.hannon;slightly short;fit;621442
257366;25;4;5;ddd/f;;30;dresses;5ft 7in;Tabitha;just right;fit;246600
257366;27;4;5;b;36;34;dresses;5ft 7in;SarahM;just right;fit;4473
258119;30;8;5;b;34;36;dresses;5ft 4in;cierracourty;just right;fit;403913
258847;35;11;4;c;40;38;sale;5ft 1in;sarahholcomb;just right;fit;552261
260317;33;20;4;d;;40;sale;5ft 10in;Kelly;just right;fit;523457
260317;33;12;5;c;41;38;sale;5ft 10in;Stylish Kinda Girl;just right;fit;413076
260507;33;12;5;d;41;34;dresses;5ft 2in;emily;just right;fit;127806
260707;29;12;5;d;;32;dresses;5ft 2in;L.Ng;just right;fit;672745
261303;30;8;4;b;33;34;dresses;5ft 6in;Shanice;just right;fit;95458
261303;36;20;5;ddd/f;44;38;dresses;5ft 6in;sarahtahang;just right;fit;201801
261903;28;8;5;b;;34;dresses;5ft 7in;Jessie;slightly long;fit;281399
261903;45;26;5;dd/e;;42;dresses;5ft 7in;melpomene86;just right;fit;619808
262349;42;20;4;ddd/f;58;38;sale;5ft 2in;d.rajotte;just right;fit;183431
264514;29;12;5;c;39;32;dresses;5ft 4in;stephaniePG;just right;fit;746079
264681;27;8;5;c;37;34;dresses;5ft 3in;DonnaDaze;just right;fit;184956
264681;26;4;5;b;36;36;dresses;5ft 4in;HelloKT;just right;fit;751171
265669;35;15;5;c;42;38;sale;5ft 4in;Tracy;just right;fit;418351
265669;27;4;4;a;36;34;sale;5ft 6in;kjobennett;just right;fit;970114
266550;26;5;5;d;38;32;sale;5ft 8in;jess.hustad;just right;fit;136842
268252;27;1;2;b;36;32;sale;5ft 7in;ErinP;just right;fit;712076
268252;29;8;4;d;38;34;sale;5ft 6in;Emily;just right;fit;991571
269063;29;7;3;c;39;34;dresses;5ft 8in;Alisa;slightly short;fit;205646
269063;30;9;4;dd/e;41;36;dresses;5ft 6in;Lucy;just right;fit;4559
269063;30;7;4;dd/e;37;34;dresses;5ft 4in;kek2436;just right;fit;49354
269271;27;8;2;c;38;32;sale;5ft 5in;breslinkelly;just right;fit;127450
269271;26;4;5;b;36;34;sale;5ft 2in;ray.bayli;slightly long;fit;216230
269276;26;1;4;b;33;34;dresses;5ft 6in;Katherine;just right;fit;674808
270092;28;4;5;b;39;34;dresses;5ft 5in;Regina;just right;fit;438485
270092;27;4;5;a;38;34;dresses;5ft 3in;maggie.a.hewitt;just right;fit;243524
270173;26;4;5;b;36;34;dresses;5ft 7in;SarahM;just right;fit;194413
270173;29;12;4;d;40;36;dresses;5ft 8in;Sarah;just right;fit;342774
271729;32;12;4;b;42;36;sale;5ft 3in;heather;just right;fit;10591
276215;26;8;4;d;36;34;dresses;5ft 3in;Talewh;just right;fit;574614
276941;34;15;5;;;;dresses;;sarahlamb1020;just right;fit;21294
277758;34;12;4;b;41;36;dresses;5ft 6in;Annie;just right;fit;978967
277758;26;4;5;b;33;34;dresses;5ft 9in;Jackie;just right;fit;515707
278772;33;15;5;d;44;34;dresses;5ft 4in;Sheryl;just right;fit;171318
280651;32;15;5;b;42;38;sale;5ft 5in;Ashley;slightly short;fit;376377
281294;27;4;5;b;35;30;dresses;5ft 6in;Kristen;just right;fit;446903
282501;31;12;3;;41;34;dresses;5ft 9in;nita;slightly long;fit;654588
283646;33;12;5;d;41;38;dresses;5ft 8in;marianne.christie.baum;slightly long;fit;487450
284421;27;8;5;c;36;34;sale;5ft 3in;Nicole;very long;fit;999843
285283;34;15;4;ddd/f;49;38;dresses;5ft 9in;itshardtospeak;slightly short;fit;381238
285447;31;12;3;b;;36;dresses;5ft 3in;Sarah;just right;fit;963527
287009;22;0;5;ddd/f;35;28;dresses;5ft 2in;joseylogan;just right;fit;535066
288164;31;8;5;d;32;36;dresses;5ft 4in;KaseyM;just right;fit;527492
288164;26;4;5;b;;34;dresses;5ft 1in;oliver.jeannie;very long;fit;997384
289097;33;15;5;d;44;34;sale;5ft 4in;Sheryl;just right;fit;171318
289878;42;20;5;ddd/f;58;38;sale;5ft 2in;d.rajotte;just right;fit;183431
291867;33;12;5;dd/e;41;36;sale;5ft 6in;Courtney;just right;fit;255994
291867;28;8;4;c;;34;sale;5ft 2in;Mmbur;just right;fit;759651
291867;30;8;5;ddd/f;41;32;sale;5ft 6in;Akua;just right;fit;149352
292355;33;15;5;d;44;34;dresses;5ft 4in;Sheryl;just right;fit;171318
292816;30;8;5;ddd/f;40;32;dresses;5ft 6in;collettkatie;just right;fit;128899
292816;36;12;5;b;45;38;dresses;5ft 7in;aphawkins;just right;fit;735850
294941;31;11;5;c;42;36;sale;5ft 11in;kathryn.wallem;slightly long;fit;746032
294941;27;9;3;d;;36;sale;5ft 4in;summerela;just right;fit;62208
294960;36;27;5;b;52;44;sale;5ft 11in;Kirbatron;just right;fit;545243
295943;31;11;5;c;41;36;dresses;5ft 4in;Ruby;just right;fit;326674
296018;24;4;5;a;32;30;dresses;5ft 1in;jessarilene;just right;fit;659011
296018;27;4;4;b;34;32;dresses;5ft 2in;lilay86;just right;fit;346689
296419;28;4;5;b;33;32;dresses;5ft 7in;Jamie;just right;fit;743410
296600;28;4;2;b;34;32;dresses;5ft 3in;Sara88;just right;fit;178925
296600;36;15;5;b;45;40;dresses;5ft 6in;Obie;just right;fit;224162
298256;29;8;4;c;38;32;dresses;5ft 6in;sierra_tucker_luv;just right;fit;560142
298256;31;12;5;c;36;34;dresses;5ft 7in;biv_is;just right;fit;575252
298256;28;8;5;b;37;32;dresses;5ft 5in;pickledpixie7;just right;fit;50819
299027;27;4;5;b;37;34;sale;5ft 2in;thedigital0cean;just right;fit;554450
299755;27;8;5;c;30;34;dresses;5ft 4in;Leah;just right;fit;567770
303502;26;4;4;c;;32;dresses;5ft 3in;Lyssygirl;just right;fit;234552
304462;27;4;5;b;;34;sale;5ft 3in;bward30;slightly long;fit;731393
304710;27;8;4;c;35;32;dresses;5ft 3in;Anon;slightly short;fit;746623
305650;26;4;2;a;36;34;dresses;5ft 2in;Anne;just right;fit;16649
305650;20;8;5;aa;32;30;dresses;5ft 4in;meliflare;just right;fit;182039
305650;36;20;5;d;;40;dresses;5ft 8in;R.E.Baird;slightly short;fit;848680
307020;25;4;5;b;32;32;dresses;5ft 7in;astridalvsaker;just right;fit;186261
307020;30;12;5;b;40;36;dresses;5ft 7in;Megan;just right;fit;447395
307936;31;12;5;b;39;36;sale;5ft 8in;alexis.eckerman;just right;fit;612866
308052;26;4;4;b;36;34;sale;5ft 2in;ray.bayli;just right;fit;216230
308052;40;32;5;ddd/f;;40;sale;5ft 6in;Sweet;just right;fit;867564
309090;30;8;4;b;41;36;sale;5ft 5in;kildebrand;just right;fit;669919
309090;39;20;5;dd/e;;36;sale;5ft 8in;bkonchinski;just right;fit;238610
310889;28;4;5;dd/e;37;32;dresses;5ft 7in;loulouladybird;slightly long;fit;991877
312792;27;12;5;c;41;36;dresses;5ft 4in;Doreenajane;just right;fit;162012
313928;46;26;5;b;58;46;dresses;5ft 11in;Michele;just right;fit;762612
314980;35;15;5;d;42;38;dresses;5ft 9in;heavychevy6611;just right;fit;811791
314980;27;4;3;c;;32;dresses;5ft;Kayla;just right;fit;654326
318014;26;8;5;dd/e;38;32;sale;;Sarah;just right;fit;933026
318898;45;26;5;;54;44;dresses;5ft 4in;Peaceapple;just right;fit;328424
319262;27;8;5;a;31;34;sale;5ft 6in;arielleasure;just right;fit;4893
319262;31;12;4;b;38;36;sale;5ft 8in;1eve.vanessa;just right;fit;9385
319776;30;8;3;ddd/f;36;34;dresses;5ft 7in;phaeness;just right;fit;574953
319776;28;8;5;ddd/f;;34;dresses;5ft 4in;mfarr;just right;fit;334022
320750;30;8;5;c;40;36;dresses;5ft 3in;Becky;just right;fit;253161
320750;37;12;4;d;40;38;dresses;5ft 5in;pmsprincesss;just right;fit;527172
320750;28;4;5;b;38;32;dresses;5ft 4in;Elle;just right;fit;799230
323131;30;12;5;;41;;dresses;5ft 6in;pennyr;just right;fit;86862
323131;22;1;5;c;34;32;dresses;4ft 10in;sammyguy84;just right;fit;284945
324093;43;32;5;dd/e;51;42;sale;5ft 7in;kandisferdinand;just right;fit;20580
325062;48;26;5;d;48;38;sale;5ft 2in;roach808;slightly long;fit;630962
326853;43;26;4;ddd/f;49;38;dresses;5ft 4in;katebuehler;just right;fit;262058
327281;26;1;4;aa;34;30;dresses;5ft 4in;NCgals;just right;fit;613212
327330;28;8;4;d;42;34;dresses;5ft 7in;Wendy;just right;fit;256831
327330;34;12;3;dd/e;42;36;dresses;5ft 4in;red_effy;just right;fit;221733
329418;44;8;3;b;36;36;dresses;;Helen;just right;fit;880607
331403;28;8;5;dd/e;;34;sale;5ft 2in;Maria;just right;fit;529589
331403;32;8;5;b;;36;sale;5ft 2in;AMH7;just right;fit;637999
333278;39;20;4;d;46;38;dresses;5ft 9in;tara;just right;fit;440339
333278;26;1;4;a;38;32;dresses;5ft 4in;Isabella;just right;fit;240386
333278;31;12;5;d;36;34;dresses;5ft 4in;shannoncpage;just right;fit;572184
334925;33;12;4;dd/e;44;36;dresses;5ft 6in;Natasha;just right;fit;471894
335792;32;12;5;b;;34;dresses;5ft 5in;quirozad;just right;fit;914256
336975;40;12;4;b;44;36;dresses;5ft 7in;Ana0;just right;fit;911177
337388;26;4;2;a;36;34;sale;5ft 2in;Anne;just right;fit;16649
337388;31;12;5;dd/e;34;36;sale;5ft 6in;Courtney;just right;fit;78368
337420;28;8;4;c;38;36;sale;5ft 3in;hollincalloway;just right;fit;783369
337594;42;26;5;d;55;38;dresses;6ft;aimee;just right;fit;336254
338596;33;12;4;b;;36;dresses;5ft 7in;LeeTheDinoLover;slightly short;fit;96008
338596;36;15;4;dddd/g;43;34;dresses;5ft 4in;Becky;just right;fit;624920
338596;36;15;4;dd/e;44;36;dresses;5ft 5in;Anjie;just right;fit;409086
338596;50;32;5;d;56;44;dresses;5ft 2in;jen0;just right;fit;993822
338596;31;15;5;dddd/g;42;34;dresses;5ft 4in;phunterbuffington;just right;fit;830458
338596;38;32;5;b;;40;dresses;5ft 9in;libelula0099;just right;fit;295853
338596;43;26;4;b;47;42;dresses;5ft 6in;Jessica;just right;fit;841197
338596;46;32;5;;55;;dresses;5ft 9in;trent1at;just right;fit;30653
339014;32;8;5;c;40;34;sale;5ft 4in;Ashley;just right;fit;672971
339048;27;4;3;b;34;32;dresses;5ft 2in;lilay86;slightly long;fit;346689
340237;44;32;5;c;51;40;dresses;5ft 5in;SarahW;just right;fit;103828
340770;38;20;4;d;46;40;dresses;5ft 4in;Kara;just right;fit;636193
340770;29;8;5;ddd/f;;32;dresses;5ft 3in;feliciarobinson31;just right;fit;817929
340881;28;8;4;b;38;34;dresses;5ft 8in;Danielle;slightly short;fit;412191
340881;29;4;5;a;39;34;dresses;5ft 5in;e.therealworlds;just right;fit;508543
340881;34;15;5;b;41;38;dresses;5ft 8in;beckygraves;just right;fit;772403
340881;27;4;4;b;34;32;dresses;5ft 2in;lilay86;just right;fit;346689
340881;27;4;4;ddd/f;38;34;dresses;5ft 7in;clarewinnington;just right;fit;478310
340881;30;12;5;c;;36;dresses;5ft 10in;nurse_alexandra;just right;fit;49317
340881;34;12;3;dddd/g;44;38;dresses;5ft 5in;kellyjohnigk;slightly long;fit;232905
340881;29;4;4;c;39;32;dresses;5ft 3in;LoveMaxiDresses;just right;fit;327266
340881;28;4;2;d;36;34;dresses;5ft 6in;Brighton;just right;fit;892443
340881;29;8;3;dd/e;;34;dresses;5ft 4in;ItsMe;slightly long;fit;924041
341481;36;18;4;ddd/f;44;38;dresses;5ft 6in;sarahtahang;just right;fit;201801
341481;30;11;5;d;42;38;dresses;5ft 8in;Natalia;just right;fit;941118
341481;37;21;5;h;53;36;dresses;5ft 9in;Ashley;just right;fit;19321
342436;28;8;5;a;38;34;dresses;6ft;naquelle;just right;fit;530356
343059;29;8;5;b;;34;dresses;5ft 8in;annaoufan;just right;fit;217409
343819;25;4;5;a;38;;dresses;5ft 3in;Bridget;just right;fit;697390
344429;35;12;5;c;37;38;sale;5ft;Esther;just right;fit;466508
345123;40;15;5;c;43;40;sale;5ft 8in;srkampa;just right;fit;439028
345202;26;1;5;c;;34;dresses;5ft 5in;anna_d_m;just right;fit;628842
345202;33;15;5;d;44;34;dresses;5ft 4in;Sheryl;just right;fit;171318
345202;33;15;3;dd/e;43;36;dresses;5ft 3in;415hoog;just right;fit;598039
345202;25;0;3;c;35;32;dresses;5ft 4in;misssharon74;just right;fit;981540
346110;42;26;5;d;55;38;sale;6ft;aimee;just right;fit;336254
347070;33;15;5;d;44;32;sale;5ft 4in;Sheryl;very short;fit;802408
347877;29;12;4;c;40;34;sale;6ft 1in;Pene;very long;fit;43593
349118;35;15;3;dd/e;;36;dresses;5ft 4in;yachmon;just right;fit;962617
349118;20;4;4;;;;dresses;5ft 6in;Iamthewalrus;slightly long;fit;103491
349439;24;8;2;d;39;34;dresses;5ft 4in;Adele;just right;fit;767204
349951;25;3;1;a;32;32;dresses;5ft 3in;Katelyn;slightly long;fit;810235
351707;32;12;3;d;38;38;dresses;4ft 11in;Raquel;just right;fit;664298
352119;30;4;5;a;39;34;dresses;5ft 7in;Kim0;very long;fit;284367
352961;30;8;5;b;34;36;dresses;5ft 4in;cierracourty;just right;fit;403913
354829;36;12;4;dd/e;;36;sale;5ft 4in;Leanne;just right;fit;381646
355244;28;8;3;b;32;34;dresses;5ft 3in;Liz0;just right;fit;111692
358694;35;15;4;dd/e;;36;sale;5ft 4in;yachmon;just right;fit;962617
358694;28;8;5;ddd/f;;32;sale;5ft 2in;Alafia;just right;fit;745320
359194;28;8;5;c;35;36;dresses;5ft 4in;Amanda;just right;fit;388895
359194;38;26;4;d;40;40;dresses;5ft 4in;Meagan;just right;fit;276775
359893;41;32;3;h;;40;sale;5ft 11in;Tightlycurld1;just right;fit;817792
359893;40;26;5;ddd/f;48;42;sale;5ft 5in;Jessica;just right;fit;685870
360255;36;12;5;b;41;38;dresses;5ft 6in;brittany_lynn18;slightly long;fit;374160
360707;26;1;5;a;;34;sale;5ft 4in;dream..eater14zwr;just right;fit;528379
360707;36;20;4;;42;40;sale;;SarahDee;just right;fit;952709
360958;36;12;4;dd/e;44;42;dresses;5ft 2in;tassia;just right;fit;372791
360958;37;20;5;dddd/g;49;38;dresses;5ft 4in;tess.pepitone;slightly long;fit;240123
360958;32;12;4;a;43;36;dresses;5ft 4in;MichelleT;just right;fit;219652
360958;36;20;5;;42;40;dresses;;SarahDee;just right;fit;952709
362319;29;8;5;b;;34;dresses;5ft 8in;annaoufan;slightly short;fit;217409
363423;35;15;5;c;42;38;sale;5ft 4in;Tracy;just right;fit;418351
363423;27;4;5;b;37;34;sale;5ft 5in;Livi;just right;fit;151278
363423;37;20;3;ddd/f;44;40;sale;5ft 3in;janarhoden;just right;fit;681023
363423;28;8;2;d;39;32;sale;5ft 7in;Sarah;just right;fit;392821
363927;30;12;4;a;41;36;dresses;5ft 9in;Katie;just right;fit;170060
366306;32;12;5;b;42;36;sale;5ft 3in;heather;just right;fit;10591
366306;36;15;5;ddd/f;44;38;sale;5ft 6in;sarahtahang;slightly short;fit;201801
366306;40;15;5;c;;36;sale;5ft 7in;barbiejo3;just right;fit;44833
366306;37;20;5;dddd/g;49;38;sale;5ft 4in;tess.pepitone;slightly short;fit;240123
367051;30;8;1;b;34;36;sale;5ft 4in;cierracourty;just right;fit;403913
367051;36;12;5;dddd/g;42;34;sale;5ft 3in;Sweetbea;just right;fit;974981
367240;30;7;3;d;38;34;sale;5ft 1in;Neelima;just right;fit;503776
367407;37;26;4;ddd/f;44;40;dresses;5ft 3in;janarhoden;just right;fit;681023
368229;35;15;5;dd/e;41;36;dresses;5ft 5in;Jaimes;slightly long;fit;561249
368229;30;8;5;c;41;34;dresses;5ft 8in;kimera.wachna;just right;fit;992981
368229;25;0;5;dd/e;35;30;dresses;5ft 3in;Kelly;slightly long;fit;168562
368949;27;12;1;dd/e;;36;dresses;5ft 8in;ernaray;just right;fit;543038
368949;28;8;5;c;38;34;dresses;5ft 2in;rdenicola;just right;fit;750024
368949;30;12;5;c;41;36;dresses;5ft 9in;themkw;just right;fit;690049
370549;29;7;5;c;41;36;sale;5ft 6in;mnsnowta;just right;fit;125272
371161;28;8;3;c;;34;sale;5ft 3in;Maggie;just right;fit;114161
374614;38;20;5;d;30;40;dresses;5ft 7in;jessanncash;just right;fit;340775
375177;28;4;5;b;39;34;sale;5ft 7in;dgaumiller;slightly long;fit;661546
376359;26;8;;d;38;32;sale;5ft 2in;Megan;just right;fit;603159
377027;27;8;4;c;;34;sale;5ft 4in;adamsrachel82;just right;fit;975277
377878;34;12;5;c;40;38;dresses;5ft 6in;Cassie;just right;fit;607174
378273;35;20;5;dd/e;49;44;dresses;5ft 3in;Ariana;just right;fit;310259
379083;22;1;5;c;34;32;sale;4ft 10in;sammyguy84;just right;fit;284945
379083;40;15;4;ddd/f;48;38;sale;5ft 3in;carovan23;just right;fit;485747
379083;29;12;3;dddd/g;;34;sale;5ft 9in;Reviewer;very short;fit;260215
379302;29;7;1;c;;34;sale;5ft 5in;aae127;just right;fit;667598
380011;30;8;4;d;;34;sale;5ft 6in;elysia99;just right;fit;777297
380011;26;4;4;c;36;32;sale;5ft 3in;mellie39;just right;fit;478700
380705;37;26;4;ddd/f;44;40;dresses;5ft 3in;janarhoden;just right;fit;681023
380801;32;15;3;b;42;38;dresses;5ft 5in;Ashley;just right;fit;376377
380801;28;8;3;dd/e;;34;dresses;5ft 4in;Anya;just right;fit;775761
380801;29;12;4;d;40;36;dresses;5ft 8in;Sarah;just right;fit;342774
380801;28;12;5;d;40;34;dresses;5ft 10in;no_poncho;just right;fit;944346
380801;28;8;5;ddd/f;39;32;dresses;5ft 6in;Loving this Dress!!!;just right;fit;135396
380801;27;4;4;b;37;34;dresses;5ft 9in;Anonymous;just right;fit;326143
381483;30;8;5;dd/e;34;32;dresses;5ft 2in;Becca;just right;fit;187941
381483;29;8;4;c;;34;dresses;5ft 2in;Sam71;just right;fit;845179
382470;29;8;5;aa;;36;sale;5ft 6in;heatherzenzen;slightly short;fit;508632
384863;37;26;5;i;48;38;dresses;5ft 3in;hamburgergurl21;just right;fit;577111
384863;27;8;5;b;37;34;dresses;5ft 4in;cmgarcia36;just right;fit;132343
384957;26;8;4;a;36;34;sale;5ft 2in;Anne;slightly long;fit;16649
384957;31;12;1;d;41;34;sale;5ft 10in;SarahinDenver;just right;fit;896087
385302;38;26;3;d;46;40;dresses;5ft 4in;Kara;just right;fit;636193
385302;33;8;1;b;46;30;dresses;5ft 6in;Sara;just right;fit;239999
386150;35;12;4;dd/e;;34;dresses;5ft 6in;Theresa;just right;fit;248997
390319;32;15;4;d;40;36;dresses;5ft 1in;Chelsea;just right;fit;199284
390319;31;9;5;dd/e;39;32;dresses;5ft 6in;annao;just right;fit;220273
391163;29;8;5;d;39;34;dresses;5ft 2in;BeckyN;just right;fit;779806
391519;32;8;5;d;38;38;dresses;4ft 10in;Alida;just right;fit;106578
392144;37;15;5;d;43;36;sale;5ft 4in;victoriazelvin;just right;fit;7601
392144;37;26;4;ddd/f;44;40;sale;5ft 3in;janarhoden;slightly long;fit;681023
392812;39;20;3;b;51;42;dresses;5ft 8in;sylvia18;just right;fit;817096
392812;27;4;4;c;32;34;dresses;5ft 2in;Busy Bree;just right;fit;144401
392812;31;12;1;b;41;38;dresses;5ft 9in;Katie;just right;fit;817767
393265;29;12;5;c;;36;dresses;5ft 9in;Jenny;just right;fit;734962
393989;27;4;5;b;36;34;dresses;5ft 4in;Rachael;slightly long;fit;331924
393989;32;4;4;c;39;34;dresses;5ft 4in;Mom_of_nine;just right;fit;593107
393989;29;12;4;a;36;34;dresses;5ft 8in;Vada;slightly long;fit;97309
393989;29;12;5;c;;36;dresses;5ft 9in;Jenny;just right;fit;734962
394692;48;32;5;j;58;40;sale;5ft 8in;kmw1066;just right;fit;325474
394692;38;38;5;c;48;42;sale;5ft 8in;Elizavette;just right;fit;543506
394873;34;15;4;c;47;36;dresses;5ft 2in;hmagers6;just right;fit;74546
396365;31;12;3;c;40;36;sale;5ft 2in;jillianavalon;just right;fit;672214
397005;25;1;4;c;33;32;dresses;4ft 11in;hannah.hrj;just right;fit;225957
397005;34;12;4;d;39;36;dresses;4ft 9in;mepenguin;just right;fit;350199
397005;29;8;4;d;41;34;dresses;5ft 2in;silverchels;just right;fit;579886
397005;43;26;3;ddd/f;48;42;dresses;5ft 6in;jdinalo;just right;fit;544443
397224;37;21;5;ddd/f;50;38;dresses;5ft 4in;shpgr1977;slightly long;fit;274176
397224;50;30;5;ddd/f;56;42;dresses;5ft 4in;daisiesart;just right;fit;102555
397224;38;24;5;d;48;40;dresses;5ft 5in;jrmckinz;just right;fit;224332
397224;39;18;4;dd/e;43;38;dresses;5ft 4in;collleencsco;just right;fit;10008
397642;29;11;3;dd/e;41;34;dresses;5ft 6in;Lauren;just right;fit;145980
399074;34;15;4;c;;38;sale;5ft 3in;nasusnus;just right;fit;959481
399356;30;12;5;;;36;sale;5ft 8in;jacobsmak;just right;fit;454379
399356;28;8;5;;;34;sale;5ft 4in;Colleen;just right;fit;133411
399356;30;8;1;d;;36;sale;5ft 6in;beasly;just right;fit;60984
399356;31;15;5;dd/e;;;sale;5ft 5in;cori;just right;fit;67995
400486;27;5;4;a;37;36;dresses;5ft 2in;c.valentich;just right;fit;645317
400541;34;13;5;dd/e;42;36;dresses;5ft 4in;red_effy;just right;fit;221733
401503;40;26;2;d;53;40;new;5ft 7in;Rayshell;very long;fit;3351
401651;35;15;5;d;45;38;new;5ft 7in;jgs2491;just right;fit;101563
401773;28;8;5;c;;34;new;5ft 3in;Maggie;just right;fit;114161
401773;29;8;4;b;;34;new;5ft 8in;NickNameIsDumb;just right;fit;854803
404339;28;8;5;a;38;34;new;5ft 4in;kateyj89;just right;fit;628390
404557;41;20;2;d;49;38;new;5ft 5in;Betsy;just right;fit;481972
406357;29;12;4;dd/e;39;36;new;5ft 1in;christine;just right;fit;939800
406357;29;12;5;d;40;36;new;5ft 8in;Sarah;just right;fit;342774
407072;32;12;5;b;40;34;sale;5ft 6in;Jenny;just right;fit;138670
407072;33;15;5;i;42;36;sale;5ft 4in;Jo;just right;fit;141266
407134;25;4;3;c;;32;new;5ft 2in;Maddy;just right;fit;579947
407574;37;32;5;ddd/f;44;40;new;5ft 3in;janarhoden;slightly short;fit;681023
409758;30;15;4;c;33;38;new;5ft 6in;poopishquack;just right;fit;613926
409758;32;8;4;d;40;34;new;5ft 6in;rachelmwelker;just right;fit;744566
410263;40;15;4;h;50;40;new;5ft;thewritewords52;just right;fit;569567
412737;27;8;5;c;;34;new;5ft 4in;adamsrachel82;just right;fit;975277
412737;26;8;5;c;38;36;new;5ft 5in;rosaliebottoms;just right;fit;181083
412737;30;8;3;c;36;34;new;5ft 5in;Soleilgrl;just right;fit;464329
413303;44;32;5;ddd/f;;44;new;5ft 9in;sammycita;slightly short;fit;78284
414857;28;8;3;dd/e;;34;new;5ft 1in;timndebz;just right;fit;611574
414857;33;15;4;d;;40;new;5ft 10in;Kelly;just right;fit;523457
414857;38;15;4;d;42;40;new;5ft 2in;Anna;just right;fit;646812
416942;47;32;4;c;59;42;new;5ft 10in;cterry4;just right;fit;481560
417269;33;15;5;d;44;34;new;5ft 4in;Sheryl;just right;fit;171318
417269;33;12;5;dd/e;;36;new;5ft 8in;Carolyn;very long;fit;759510
417902;34;15;3;h;48;36;new;5ft 5in;Katie;just right;fit;810956
418018;41;8;4;;;;new;5ft 4in;gammondenise;just right;fit;702778
418018;33;15;5;d;;38;new;5ft;anncassel;slightly long;fit;360066
418018;48;38;5;dddd/g;58;42;new;5ft 11in;charmingwolves;just right;fit;59596
419547;29;7;3;b;;34;new;5ft 6in;manda13254;just right;fit;288069
420800;28;8;2;;;;new;5ft 7in;espaar;just right;fit;371618
423866;29;6;1;c;;34;sale;5ft 2in;xosummerishxo;just right;fit;423946
424111;31;8;5;b;38;32;tops;5ft 8in;Sarai;just right;fit;974125
427041;34;12;5;c;;38;tops;5ft 6in;holly;slightly long;fit;238428
427567;37;12;5;c;44;36;tops;5ft 3in;Kristin;just right;fit;549649
430009;30;12;5;d;40;34;tops;5ft 5in;kim.e.bellinger;just right;fit;651173
431698;32;12;5;d;43;38;tops;5ft 7in;Paula;just right;fit;76360
433350;30;8;4;a;;36;tops;5ft 5in;kathryn.steveline;just right;fit;132056
435405;29;12;5;d;40;32;tops;5ft 4in;Sunshine;just right;fit;828255
437983;30;8;5;b;42;34;tops;5ft 4in;shannon.ratterman;just right;fit;627896
438339;26;1;5;a;;34;tops;5ft 4in;dream..eater14zwr;just right;fit;528379
441337;42;26;4;c;49;38;tops;5ft 3in;Megan;just right;fit;385929
443382;26;4;3;b;36;34;sale;5ft 7in;heatherannekase;just right;fit;572007
447762;40;15;5;ddd/f;50;36;tops;5ft 3in;customer15197971;slightly long;fit;692213
449177;29;8;5;b;34;34;tops;4ft 11in;Emily;just right;fit;795216
449177;32;12;5;d;43;38;tops;5ft 7in;Paula;just right;fit;76360
450779;35;15;4;dd/e;45;36;tops;5ft 4in;amanda;just right;fit;731348
450779;25;4;4;b;;36;tops;5ft 6in;leighannep;slightly long;fit;173758
453518;30;8;4;c;;36;tops;5ft 6in;stacejam;just right;fit;523255
454030;20;4;4;c;;38;tops;5ft 3in;Shania;just right;fit;215129
456224;26;4;5;;34;32;tops;5ft 6in;twoshoes;just right;fit;307879
456968;26;4;5;b;36;34;tops;5ft 7in;heatherannekase;just right;fit;572007
457871;35;8;5;d;;36;tops;5ft 4in;Lucy;just right;fit;748800
461912;32;8;4;d;;36;tops;5ft 4in;Lucy;just right;fit;862680
463273;42;32;3;dddd/g;49;38;tops;5ft 5in;Bustiebroad;just right;fit;201753
464556;20;8;5;c;38;36;sale;5ft 5in;rosaliebottoms;just right;fit;669916
465064;28;4;2;c;38;34;tops;5ft 5in;Roberta;just right;fit;990852
468050;26;4;5;ddd/f;;32;tops;5ft 6in;Kathlyn;just right;fit;457485
468050;29;12;3;c;35;;tops;5ft 9in;anna_rowland;just right;fit;360252
468050;28;8;4;b;;34;tops;5ft 4in;beccasattelite;slightly long;fit;598641
470071;37;32;4;ddd/f;44;40;tops;5ft 3in;janarhoden;just right;fit;681023
470071;28;8;4;c;32;34;tops;5ft 5in;elizab54;just right;fit;873776
471620;30;8;4;dd/e;34;32;tops;5ft 1in;Becca;slightly short;fit;469644
471620;25;1;4;c;32;32;tops;5ft 8in;Shaya;just right;fit;787181
471987;29;7;1;c;;36;sale;;laura;just right;fit;855020
473574;32;12;1;j;40;30;tops;;joleneabrey;just right;fit;941988
473577;37;20;4;c;45;36;tops;5ft 3in;Justine;just right;fit;973172
473577;30;8;4;c;36;34;tops;5ft 5in;Soleilgrl;just right;fit;464329
474002;28;8;4;b;38;34;tops;5ft 8in;Danielle;just right;fit;412191
475058;27;8;3;d;38;34;tops;5ft 4in;Meagan;just right;fit;759179
475058;36;15;4;c;44;38;tops;5ft 10in;Maritza;just right;fit;610543
475058;28;8;3;c;38;34;tops;5ft 10in;Jenny;just right;fit;448040
475481;31;7;5;a;38;32;tops;5ft 8in;Sarai;just right;fit;592499
475481;26;7;5;b;36;34;tops;5ft 8in;Kelli;just right;fit;478118
477210;44;26;4;c;56;42;tops;5ft 4in;Alice;just right;fit;566108
477210;34;15;3;ddd/f;40;34;tops;5ft 2in;rshak0311;just right;fit;723888
477210;34;12;3;c;45;38;tops;5ft 7in;arielgadams;just right;fit;313369
477598;29;8;5;b;40;34;tops;5ft 6in;nicperk;just right;fit;472775
477598;33;15;4;dd/e;43;36;tops;5ft 4in;vanessa.rivas;just right;fit;988503
478122;44;20;3;dd/e;49;42;tops;5ft 3in;Sue0;just right;fit;350490
478967;29;8;5;b;;36;tops;5ft;Wesleyliketheboyname;just right;fit;472687
484032;28;4;3;dd/e;36;32;sale;5ft 5in;erin.rnbarbour;slightly long;fit;55705
484879;32;15;1;dd/e;38;38;tops;5ft 9in;Ms.K;just right;fit;701626
484879;37;32;4;ddd/f;44;40;tops;5ft 3in;janarhoden;slightly short;fit;681023
486643;29;4;4;dd/e;38;32;tops;5ft 4in;Smiles;just right;fit;723836
487270;29;8;2;b;39;38;sale;5ft 5in;Krissy;just right;fit;254531
487702;33;15;5;d;44;34;tops;5ft 4in;Sheryl;just right;fit;171318
487702;32;15;5;c;34;38;tops;5ft 1in;Emily;just right;fit;434710
488248;28;8;4;b;38;34;sale;5ft 4in;courtney.lael8;just right;fit;65678
488987;24;1;5;b;36;32;tops;5ft;Alice;just right;fit;185820
492298;42;32;5;h;;46;tops;5ft 3in;Swedegirl84;slightly long;fit;888858
494869;30;8;4;b;42;34;tops;;Shanice;just right;fit;573762
495760;26;4;4;ddd/f;37;32;sale;5ft 6in;Kathlyn;just right;fit;563296
495760;34;15;4;d;;38;sale;5ft 7in;Babs;just right;fit;51523
495760;48;38;5;ddd/f;54;44;sale;5ft 8in;robinmccallprof;slightly long;fit;857349
497675;28;8;5;b;33;36;tops;5ft 9in;bsharren;just right;fit;653566
498561;31;15;4;;42;;sale;5ft 7in;Pumpkintat;slightly long;fit;670099
499431;26;5;4;b;36;34;tops;5ft 8in;Kelli;just right;fit;478118
500333;28;4;5;dd/e;35;32;sale;5ft 5in;erin.rnbarbour;slightly short;fit;39140
500333;27;4;5;a;35;34;sale;5ft;mharrison272;just right;fit;616085
501529;32;12;4;d;43;36;tops;5ft 7in;Paula;just right;fit;940488
501529;32;8;5;b;;34;tops;5ft 2in;Jennifer;just right;fit;129420
502803;32;15;4;dd/e;42;36;tops;5ft 4in;porphyros.petal;just right;fit;878734
502803;30;12;4;ddd/f;45;32;tops;5ft 7in;Staci;just right;fit;575622
503595;38;20;4;d;;40;tops;5ft 2in;Danielle;just right;fit;723053
505206;29;8;3;d;39;34;tops;5ft 3in;Annie;slightly long;fit;58510
507255;34;15;5;d;;38;tops;5ft 7in;Babs;just right;fit;51523
509580;25;4;5;b;32;32;tops;5ft 7in;astridalvsaker;just right;fit;186261
510211;27;5;5;a;33;34;tops;5ft 4in;Mary;just right;fit;877917
510211;25;5;4;d;;30;tops;5ft 5in;omelettehandler;just right;fit;470964
510211;28;9;4;d;30;32;tops;5ft 9in;award;slightly short;fit;719945
511262;35;12;2;d;40;38;sale;5ft 3in;asands419;just right;fit;720007
511707;25;1;5;c;32;32;tops;5ft 8in;Shaya;just right;fit;787181
513111;25;1;3;;33;;tops;5ft 4in;Chelsea;just right;fit;392016
513111;33;15;4;dd/e;43;36;tops;5ft 4in;vanessa.rivas;just right;fit;988503
513111;33;12;5;d;;34;tops;5ft 8in;Lindsay;just right;fit;43570
513111;27;8;4;;;;tops;5ft 5in;Rose;just right;fit;67267
515644;28;4;4;c;36;34;tops;5ft 3in;filet0fishie;just right;fit;572328
515900;27;12;4;c;42;34;tops;5ft 8in;Ellen;just right;fit;875712
516989;28;4;2;a;;34;tops;5ft 8in;Jessica;just right;fit;550177
518361;34;15;5;dddd/g;44;36;sale;5ft 4in;Sandra;just right;fit;441618
518771;28;8;4;c;37;32;tops;5ft 1in;k.estredo;just right;fit;903177
519250;34;12;5;c;;38;sale;5ft 6in;holly;slightly long;fit;238428
520693;29;12;5;c;34;36;tops;5ft 6in;lkelley1211;just right;fit;259079
520945;31;12;4;d;41;38;tops;5ft 7in;Lauren;slightly long;fit;652854
520958;24;1;5;b;36;32;tops;5ft 5in;Laura;just right;fit;70351
521470;33;8;5;dddd/g;41;36;tops;5ft 5in;Molly;just right;fit;687114
523126;20;12;3;dd/e;;36;sale;5ft 6in;Jessica;just right;fit;883694
523195;31;12;4;b;;36;sale;5ft 4in;ModCloth;just right;fit;884196
524868;26;8;3;b;36;34;tops;5ft 7in;heatherannekase;just right;fit;572007
525642;33;12;5;dd/e;41;36;sale;5ft 6in;Courtney;just right;fit;255994
525816;25;1;4;b;;34;tops;5ft 7in;maya.saveliev;just right;fit;18991
527308;42;15;5;j;53;38;tops;5ft 5in;Sharyn;just right;fit;356177
528079;29;12;5;c;;38;tops;5ft 7in;pegpie;just right;fit;338045
528079;28;8;4;c;37;34;tops;5ft 4in;jcoggins05;just right;fit;513520
528939;23;4;4;c;40;34;tops;5ft 3in;Laura;just right;fit;162626
529521;36;8;5;d;36;32;sale;5ft 2in;gianina;just right;fit;269601
530472;30;12;5;c;39;38;tops;5ft 9in;Marcie;slightly short;fit;854243
532371;37;15;5;c;40;40;tops;5ft 4in;susannlawrence;just right;fit;621963
532371;20;20;4;d;;40;tops;5ft 9in;nikki;slightly short;fit;23278
532371;28;8;5;b;33;36;tops;5ft 9in;bsharren;just right;fit;653566
532371;44;20;3;dd/e;49;42;tops;5ft 3in;Sue0;just right;fit;350490
533180;42;20;5;ddd/f;58;38;tops;5ft 2in;d.rajotte;just right;fit;183431
534565;25;4;5;d;;32;tops;5ft 6in;chanlin;just right;fit;439609
535072;26;8;5;b;34;36;tops;4ft 11in;flamingolady;just right;fit;813493
535072;29;12;4;d;40;36;tops;5ft 8in;Sarah;slightly short;fit;342774
535072;27;8;5;c;37;36;tops;5ft 6in;Kate;just right;fit;854777
535072;28;8;5;b;39;34;tops;5ft 8in;Koi painter;just right;fit;432957
535072;28;8;5;a;38;36;tops;5ft 4in;Jackie;just right;fit;819209
537031;37;20;5;ddd/f;50;38;tops;5ft 7in;shayelea;slightly short;fit;942734
537285;43;32;5;dd/e;51;42;tops;5ft 7in;kandisferdinand;just right;fit;20580
538258;30;12;3;d;40;34;tops;5ft 5in;kim.e.bellinger;just right;fit;651173
538258;35;20;5;h;48;36;tops;5ft 8in;Anonymous;slightly short;fit;507547
538943;27;4;5;c;36;32;tops;5ft 7in;staceywebb;just right;fit;405662
539847;35;15;5;dd/e;43;38;tops;5ft 4in;rebeccalipkascott;just right;fit;221274
539847;28;4;5;b;;36;tops;5ft 8in;Catherine;just right;fit;663864
539980;35;20;5;dd/e;44;40;tops;5ft 8in;Carriecorner;just right;fit;540919
539980;38;32;4;c;48;42;tops;5ft 8in;Elizavette;just right;fit;543506
539980;24;4;4;c;34;32;tops;5ft;Emma;just right;fit;819075
540282;28;8;3;b;41;36;tops;5ft 6in;tori;just right;fit;914214
540970;28;8;5;b;33;36;tops;5ft 9in;bsharren;just right;fit;653566
540970;26;4;5;b;34;30;tops;5ft 5in;twoshoes;just right;fit;541410
542926;27;4;4;a;34;34;tops;5ft 1in;Filaree;just right;fit;182719
543608;31;8;4;b;42;38;tops;5ft 5in;abbewright;just right;fit;754553
545232;24;1;4;b;36;32;tops;5ft 5in;Laura;just right;fit;70351
545232;50;38;5;dd/e;;48;tops;5ft 2in;mratterman224;just right;fit;667171
546664;44;26;4;c;56;42;tops;5ft 4in;Alice;slightly long;fit;566108
547642;43;26;3;c;46;42;tops;5ft 5in;Julie;just right;fit;223397
548570;33;12;5;dd/e;41;36;tops;5ft 6in;Courtney;just right;fit;255994
548931;34;12;2;d;42;36;tops;5ft 2in;Trish;very short;fit;507937
549006;38;20;5;d;;40;tops;5ft 4in;leah.gosciejew;just right;fit;643536
551793;39;15;5;d;46;38;tops;5ft 9in;tara;slightly long;fit;440339
553743;33;15;4;c;46;38;tops;5ft 6in;lmmejia3;slightly short;fit;742926
554116;26;1;5;b;34;36;tops;5ft 1in;Azure;just right;fit;634029
555057;28;8;4;b;33;36;tops;5ft 9in;bsharren;just right;fit;653566
555713;30;4;4;d;37;34;sale;5ft;melissatnguyen;just right;fit;57997
555713;33;15;4;dd/e;43;36;sale;5ft 4in;vanessa.rivas;slightly short;fit;988503
557241;33;15;5;d;44;32;tops;5ft 4in;Sheryl;just right;fit;802408
558347;34;15;2;c;42;38;tops;5ft 9in;kls997;just right;fit;167077
559644;35;12;2;d;40;36;sale;5ft 7in;Katie;just right;fit;301555
562633;29;8;4;dd/e;38;34;tops;5ft 2in;SLD3;just right;fit;927284
566750;25;1;5;b;36;34;tops;5ft 7in;critellikat;just right;fit;794042
566750;50;26;5;d;55;42;tops;5ft 9in;kcmn;slightly long;fit;406491
568115;28;4;5;c;35;34;tops;5ft 1in;Jessica;just right;fit;431747
568891;27;4;4;b;35;30;sale;5ft 6in;Kristen;just right;fit;446903
569623;45;20;5;d;47;44;tops;5ft 2in;LeadFootLucy;just right;fit;476388
569623;27;4;5;d;36;32;tops;5ft 2in;Amber L;slightly long;fit;54998
569623;27;4;4;c;39;34;tops;5ft 5in;comfortable2;just right;fit;285574
571680;27;8;4;c;;34;tops;5ft 5in;hramsay84;slightly short;fit;384238
571757;27;4;4;;;34;tops;5ft 9in;Carol in Cambodia;just right;fit;932490
571757;26;1;5;a;35;34;tops;5ft 2in;julielaursen1;just right;fit;399390
572333;26;4;3;b;;34;tops;5ft 5in;Livi;just right;fit;948325
576314;30;8;5;d;;34;tops;5ft 4in;mahathi;just right;fit;973969
576586;33;15;5;d;41;36;tops;5ft 6in;prettynpunk;just right;fit;347143
577999;32;12;3;c;41;36;tops;5ft 8in;Jessica;just right;fit;171447
580254;29;12;4;ddd/f;;36;tops;5ft 2in;drmolly;just right;fit;110717
580635;29;8;2;d;;34;tops;5ft 3in;KyBeKind;slightly short;fit;528067
582839;28;4;4;a;38;34;tops;6ft;naquelle;just right;fit;530356
584364;40;12;4;ddd/f;50;36;tops;5ft 3in;customer15197971;just right;fit;692213
584822;24;0;5;b;36;32;tops;5ft;Alice;just right;fit;185820
585634;30;8;4;b;;36;tops;5ft 6in;521joni;slightly short;fit;655112
589031;28;15;4;c;32;36;tops;5ft 3in;Emily;just right;fit;598537
590481;31;12;2;c;;38;tops;4ft 11in;bobilikehobos;just right;fit;473963
591038;38;15;5;dd/e;47;36;tops;5ft 2in;emariej2918;just right;fit;220908
591718;35;12;5;c;39;40;tops;5ft 4in;susannlawrence;just right;fit;400850
591718;46;32;2;;;;tops;5ft 8in;ChristinaATL;just right;fit;291377
592490;31;8;1;c;40;36;tops;5ft 2in;Mackenzie;just right;fit;347318
593217;25;1;4;dd/e;34;28;tops;5ft 3in;Gemma;slightly long;fit;58058
593217;27;4;4;b;;34;tops;5ft 5in;becca.dennis2;just right;fit;993148
593217;36;20;2;dd/e;;40;tops;5ft 9in;pandamber;slightly short;fit;772090
594758;26;8;4;c;38;36;tops;5ft 5in;rosaliebottoms;just right;fit;181083
595562;36;8;4;d;39;36;tops;5ft 5in;hoper555;just right;fit;111074
595917;28;4;4;d;34;;tops;5ft 3in;piperoverbaugh;just right;fit;643832
598147;27;4;5;dd/e;;32;tops;5ft 3in;rnplame;just right;fit;495692
598899;23;0;5;aa;;30;tops;5ft 1in;Saori;just right;fit;400378
598899;26;4;5;a;38;32;tops;5ft 4in;Isabella;just right;fit;240386
601803;30;8;5;ddd/f;44;34;tops;5ft 5in;erin.laganadora;slightly long;fit;438368
603339;31;4;4;b;36;34;sale;5ft 5in;graves.em;just right;fit;486777
603937;46;20;5;d;46;42;tops;5ft 5in;islandcapricorn1;just right;fit;314059
605558;31;12;5;dd/e;42;34;tops;5ft 3in;Jessica;just right;fit;628592
606302;27;4;2;;30;;tops;5ft 7in;Rebecca;just right;fit;873249
607376;30;11;5;a;41;36;tops;5ft 9in;Katie;just right;fit;170060
607708;36;12;3;c;48;40;tops;5ft 4in;smookd;slightly short;fit;892710
608904;28;8;4;;40;;tops;5ft 11in;sinead;just right;fit;29489
608904;34;15;4;dddd/g;42;34;tops;5ft 8in;lala;just right;fit;151507
609226;40;12;2;d;42;38;tops;5ft 7in;reederse;just right;fit;503054
609226;27;8;1;;;;tops;5ft 5in;chellie.wu;just right;fit;995239
612564;40;32;4;d;;42;tops;5ft 7in;Tina;just right;fit;451
614225;20;12;3;dd/e;;36;tops;5ft 6in;Jessica;just right;fit;883694
615960;28;8;4;d;33;34;tops;5ft 3in;Heather;just right;fit;755633
615960;28;8;5;b;;36;tops;5ft 3in;Grace;slightly long;fit;541472
617292;20;12;3;dd/e;;36;tops;5ft 6in;Jessica;just right;fit;883694
617292;28;4;5;a;35;34;tops;5ft 9in;SH11;just right;fit;644186
617292;33;12;5;c;37;36;tops;4ft 11in;Anne;just right;fit;382918
620328;30;12;5;ddd/f;;32;tops;5ft 7in;Staci;just right;fit;29463
621405;27;1;4;d;;32;tops;5ft 2in;schwjl5;slightly long;fit;102487
622088;31;8;2;a;40;36;tops;5ft 11in;burdic21;very long;fit;515023
625013;25;0;5;a;35;32;tops;5ft 2in;Jody;just right;fit;373658
626012;29;12;5;c;43;36;tops;5ft 8in;Alice;just right;fit;16341
627112;27;8;4;c;39;34;tops;5ft 5in;comfortable2;slightly short;fit;285574
627861;30;8;4;b;36;32;tops;5ft 5in;rmdominguez8;slightly long;fit;414181
627861;26;12;3;ddd/f;40;32;tops;5ft 5in;sarah.e.hayashi;slightly long;fit;193363
628182;30;1;5;b;;32;tops;5ft 3in;saulra;slightly long;fit;852143
628182;29;8;3;d;41;34;tops;5ft 2in;silverchels;slightly long;fit;579886
628182;39;26;5;d;;42;tops;6ft;brooke;just right;fit;71967
628366;27;12;5;c;;34;sale;5ft 6in;TheBlueSwan;just right;fit;921516
630114;34;12;4;dddd/g;42;36;tops;5ft 7in;rmbezaire;just right;fit;427624
630709;33;12;2;b;41;38;tops;5ft 6in;Leslie;just right;fit;858552
633619;33;8;3;b;41;38;tops;5ft 6in;Leslie;just right;fit;858552
633619;30;8;2;dd/e;38;34;tops;5ft 7in;jtruckey3;just right;fit;695458
634757;28;8;5;a;38;34;tops;5ft 4in;kateyj89;just right;fit;628390
634757;34;15;5;ddd/f;43;38;tops;5ft 4in;caressa;slightly long;fit;810988
634757;28;8;5;b;42;34;tops;5ft 11in;caitlin.creed;just right;fit;89329
634843;28;8;4;b;42;34;tops;5ft 11in;caitlin.creed;just right;fit;89329
635721;27;4;4;b;35;30;tops;5ft 6in;Kristen;just right;fit;446903
635778;20;38;5;d;;40;tops;5ft 9in;nikki;just right;fit;23278
638707;36;26;5;b;50;40;tops;5ft 5in;5612jean;just right;fit;310453
640171;28;4;3;a;38;34;tops;6ft;naquelle;just right;fit;530356
641126;34;15;5;dddd/g;44;36;tops;5ft 4in;Sandra;just right;fit;441618
641880;28;8;3;dd/e;34;34;tops;5ft 5in;sarajeglum;just right;fit;242643
642478;39;26;4;ddd/f;50;38;tops;5ft;Aubrie;just right;fit;554929
642478;28;8;4;b;38;34;tops;5ft 8in;Danielle;just right;fit;412191
642478;28;8;1;b;40;;tops;;angela;just right;fit;915208
643936;28;4;3;b;38;34;tops;5ft 8in;Danielle;slightly long;fit;412191
645085;42;20;5;;50;38;tops;5ft 2in;Becca Blue;slightly long;fit;814180
647235;39;26;5;dd/e;50;36;tops;5ft 8in;Kristy;just right;fit;60610
647551;39;12;4;dd/e;45;36;tops;5ft 2in;Richelle;very long;fit;984733
647551;29;12;3;d;40;36;tops;5ft 8in;Sarah;slightly long;fit;342774
649751;34;12;5;c;;38;tops;5ft 6in;holly;just right;fit;238428
649751;28;8;4;;;;tops;5ft 7in;Natasha;slightly long;fit;433787
650890;35;12;5;ddd/f;;36;tops;5ft 6in;Natasha;slightly long;fit;898440
652823;31;8;2;d;31;36;tops;5ft 4in;Fernanda;just right;fit;669266
653308;30;8;5;b;37;34;tops;5ft 6in;Anna Marie;just right;fit;643787
654079;32;12;4;dd/e;42;38;bottoms;5ft 7in;meganayyaya;just right;fit;543455
654079;32;12;5;d;43;38;bottoms;5ft 7in;Paula;just right;fit;76360
654079;37;15;5;d;43;36;bottoms;5ft 4in;victoriazelvin;just right;fit;7601
654079;32;12;5;;40;;bottoms;5ft 10in;JesC;just right;fit;23984
654585;42;20;3;;58;;bottoms;5ft 2in;d.rajotte;slightly long;fit;75309
654585;35;12;3;dddd/g;42;34;bottoms;5ft 2in;emma.c.newhall;slightly long;fit;381779
654585;32;12;3;dd/e;43;36;bottoms;5ft 5in;Sandra;slightly long;fit;115238
655211;29;4;4;a;39;34;bottoms;5ft 11in;Thalie;just right;fit;580266
655211;36;12;5;c;50;36;bottoms;5ft 4in;janaprager17;just right;fit;145597
655211;27;8;4;;;;bottoms;;Jessica;slightly long;fit;826936
655211;28;8;4;;38;;bottoms;5ft 4in;Jackie;slightly long;fit;493737
655211;32;8;5;;36;;bottoms;5ft 5in;bneycupcake;just right;fit;235620
655211;28;8;3;;38;;bottoms;5ft 9in;Monique;just right;fit;925569
656645;28;8;4;b;38;34;new;5ft 4in;courtney.lael8;just right;fit;65678
656645;25;1;4;a;32;32;new;5ft 3in;Katelyn;just right;fit;810235
656645;27;8;4;;;;new;5ft 4in;kiananf;just right;fit;618952
657081;28;8;2;b;41;36;new;5ft 6in;tori;just right;fit;914214
657081;24;1;1;;34;;new;5ft 7in;Carly;just right;fit;883156
657081;28;8;4;d;40;34;new;5ft 10in;no_poncho;just right;fit;944346
657081;37;26;4;ddd/f;44;40;new;5ft 3in;janarhoden;;fit;681023
658108;29;11;5;c;34;36;new;5ft 6in;lkelley1211;slightly long;fit;259079
658440;26;8;4;c;38;36;new;5ft 5in;rosaliebottoms;just right;fit;181083
658440;28;6;4;c;37;32;new;5ft 1in;k.estredo;just right;fit;903177
658440;36;12;5;c;40;36;new;5ft 5in;Gabrielle;slightly short;fit;395256
658440;29;10;5;dd/e;38;36;new;5ft 7in;Brenda;just right;fit;513708
658440;29;8;4;d;41;34;new;5ft 2in;silverchels;slightly long;fit;579886
659701;26;1;5;c;35;32;new;5ft 2in;Michelle;just right;fit;98585
